дата,смена,час,плотность_мельница_1,плотность_мельница_2,плотность_мельница_3,плотность_мельница_4,плотность_мельница_5,слив_гидроциклон_1ст,слив_гидроциклон_2ст,сгуститель_1,сгуститель_2,классификатор_1,классификатор_3,классификатор_5,ситовой_гц_1ст,ситовой_гц_2ст,производительность_мельница_1,производительность_мельница_2,производительность_мельница_3,производительность_мельница_4,производительность_мельница_5,производительность_всего,выпуск_мкр
2026-01-01,1,21,,,,,,,,,,,,,,,34.5,0.0,0.0,31.0,11.43,76.93,
2026-01-01,1,22,,,,,,,,,,,,,,,38.4,0.0,0.0,33.0,12.1,83.5,
2026-01-01,1,23,70.0,58.0,,68.0,64.0,44.0,30.0,,,60.0,,51.0,53.0,75.0,39.6,0.0,0.0,33.0,13.88,86.47999999999999,1.0
2026-01-01,1,24,,,,,,,,,,,,,,,39.5,0.0,0.0,35.0,12.9,87.4,
2026-01-01,1,1,,,,,,,,,,,,,,,40.0,0.0,0.0,34.0,12.0,86.0,1.0
2026-01-01,1,2,,,,,,,,,,,,,,,40.3,0.0,0.0,34.0,11.635,85.935,1.0
2026-01-01,1,3,,,,,,,,,,,,,,,39.5,0.0,0.0,33.0,11.554,84.054,1.0
2026-01-01,1,4,,,,,,,,,,,,,,,39.8,0.0,0.0,34.0,11.44,85.24,3.0
2026-01-01,1,5,68.0,62.0,,68.0,66.0,45.0,32.0,,,54.0,,49.0,50.0,72.0,40.1,0.0,0.0,34.0,11.584,85.684,
2026-01-01,1,6,,,,,,,,,,,,,,,41.7,0.0,0.0,34.0,13.431,89.131,2.0
2026-01-01,1,7,,,,,,,,,,,,,,,40.4,0.0,0.0,33.0,12.854,86.254,
2026-01-01,1,8,,,,,,,,,,,,,,,43.2,0.0,0.0,34.0,11.39,88.59,1.0
2026-01-01,2,9,,,,,,,,,,,,,,,43.3,0.0,0.0,34.0,10.844,88.14399999999999,1.0
2026-01-01,2,10,,,,,,,,,,,,,,,43.3,0.0,0.0,27.0,11.356,81.65599999999999,
2026-01-01,2,11,69.0,53.0,,63.0,68.0,46.0,36.0,,,56.0,,47.0,53.0,71.0,41.7,0.0,0.0,32.0,12.079,85.779,
2026-01-01,2,12,,,,,,,,0.0,9.0,,,,,,39.9,0.0,0.0,31.0,11.918,82.81800000000001,2.0
2026-01-01,2,13,,,,,,,,,,,,,,,41.9,0.0,0.0,34.0,12.655,88.555,
2026-01-01,2,14,,,,,,,,,,,,,,,41.2,0.0,0.0,34.0,11.772,86.97200000000001,
2026-01-01,2,15,,,,,,,,,,,,,,,37.8,0.0,0.0,35.0,12.113,84.913,1.0
2026-01-01,2,16,,,,,,,,,,,,,,,38.6,0.0,0.0,33.0,11.62,83.22,2.0
2026-01-01,2,17,69.0,51.0,,63.0,65.0,43.0,29.0,17.0,4.0,53.0,,48.0,54.0,73.0,40.3,0.0,0.0,33.0,10.62,83.92,
2026-01-01,2,18,,,,,,,,,,,,,,,35.0,0.0,0.0,33.0,10.971,78.971,1.0
2026-01-01,2,19,,,,,,,,,,,,,,,43.7,0.0,0.0,35.0,11.013,89.71300000000001,
2026-01-01,2,20,,,,,,,,,,,,,,,40.5,0.0,0.0,34.0,9.611,84.111,1.0
2026-01-02,1,21,,,,,,,,,,,,,,,34.0,0.0,0.0,34.0,10.468,78.468,
2026-01-02,1,22,,,,,,,,,,,,,,,40.0,0.0,0.0,33.0,10.765,83.765,
2026-01-02,1,23,,,,,,,,,,,,,,,39.0,0.0,0.0,33.0,10.928,82.928,
2026-01-02,1,24,66.0,58.0,,69.0,62.0,45.0,31.0,,,55.0,,51.0,52.0,72.0,41.1,0.0,0.0,34.0,11.545,86.645,1.0
2026-01-02,1,1,,,,,,,,,,,,,,,41.6,0.0,0.0,34.0,10.427,86.02699999999999,1.0
2026-01-02,1,2,,,,,,,,,,,,,,,41.0,0.0,0.0,33.0,11.382,85.382,
2026-01-02,1,3,,,,,,,,,,,,,,,40.8,0.0,0.0,33.0,11.854,85.654,2.0
2026-01-02,1,4,,,,,,,,,,,,,,,40.9,0.0,0.0,32.0,12.003,84.903,
2026-01-02,1,5,69.0,61.0,,68.0,68.0,45.0,33.0,,,58.0,,46.0,50.0,73.0,40.0,0.0,0.0,34.0,11.773,85.773,1.0
2026-01-02,1,6,,,,,,,,,,,,,,,40.3,0.0,0.0,34.0,12.99,87.28999999999999,
2026-01-02,1,7,,,,,,,,,,,,,,,39.3,0.0,0.0,33.0,11.992,84.292,2.0
2026-01-02,1,8,,,,,,,,,,,,,,,39.8,0.0,0.0,35.0,11.159,85.959,1.0
2026-01-02,2,9,,,,,,,,,,,,,,,41.7,0.0,0.0,35.0,10.501,87.20100000000001,
2026-01-02,2,10,,,,,,,,,,,,,,,31.9,0.0,0.0,35.0,11.456,78.35600000000001,2.0
2026-01-02,2,11,67.0,58.0,,62.0,65.0,46.0,32.0,48.0,8.0,55.0,,47.0,49.0,71.0,42.9,0.0,0.0,34.0,11.43,88.33000000000001,1.0
2026-01-02,2,12,,,,,,,,,,,,,,,35.0,0.0,0.0,35.0,10.862,80.862,1.0
2026-01-02,2,13,,,,,,,,,,,,,,,38.9,0.0,0.0,34.0,9.499,82.399,
2026-01-02,2,14,,,,,,,,,,,,,,,44.4,0.0,0.0,34.0,11.493,89.893,1.0
2026-01-02,2,15,,,,,,,,,,,,,,,42.5,0.0,0.0,35.0,12.048,89.548,1.0
2026-01-02,2,16,,,,,,,,,,,,,,,34.9,0.0,0.0,34.0,11.429,80.32900000000001,1.0
2026-01-02,2,17,69.0,57.0,,64.0,65.0,43.0,29.0,2.0,7.0,53.0,,49.0,54.0,72.0,30.0,0.0,0.0,35.0,11.399,76.399,1.0
2026-01-02,2,18,,,,,,,,,,,,,,,40.4,0.0,0.0,36.0,9.273,85.673,2.0
2026-01-02,2,19,,,,,,,,,,,,,,,41.6,0.0,0.0,36.0,12.819,90.419,
2026-01-02,2,20,,,,,,,,,,,,,,,39.8,0.0,0.0,35.0,13.307,88.107,2.0
2026-01-03,1,21,,,,,,,,,,,,,,,40.8,0.0,0.0,34.0,12.05,86.85,
2026-01-03,1,22,,,,,,,,,,,,,,,42.2,0.0,0.0,35.0,13.804,91.004,2.0
2026-01-03,1,23,,,,,,,,,,,,,,,41.2,0.0,0.0,34.0,13.508,88.708,3.0
2026-01-03,1,24,71.0,59.0,,65.0,65.0,44.0,27.0,,,59.0,,51.0,56.0,74.0,42.8,0.0,0.0,34.0,13.266,90.066,1.0
2026-01-03,1,1,,,,,,,,,,,,,,,39.9,0.0,0.0,35.0,12.587,87.48700000000001,
2026-01-03,1,2,,,,,,,,,,,,,,,39.7,0.0,0.0,33.0,12.597,85.297,1.0
2026-01-03,1,3,,,,,,,,,,,,,,,43.9,0.0,0.0,34.0,13.326,91.226,1.0
2026-01-03,1,4,,,,,,,,,,,,,,,41.7,0.0,0.0,35.0,13.441,90.141,1.0
2026-01-03,1,5,68.0,61.0,,69.0,67.0,48.0,33.0,,,59.0,,54.0,50.0,72.0,40.7,0.0,0.0,34.0,12.644,87.34400000000001,1.0
2026-01-03,1,6,,,,,,,,,,,,,,,42.6,0.0,0.0,35.0,12.462,90.062,1.0
2026-01-03,1,7,,,,,,,,,,,,,,,43.6,0.0,0.0,33.0,14.099,90.699,1.0
2026-01-03,1,8,,,,,,,,,,,,,,,40.9,0.0,0.0,33.0,13.471,87.37100000000001,1.0
2026-01-03,2,9,,,,,,,,,,,,,,,42.0,0.0,0.0,34.0,13.513,89.513,
2026-01-03,2,10,,,,,,,,,,,,,,,42.9,0.0,0.0,35.0,13.638,91.53800000000001,1.0
2026-01-03,2,11,66.0,63.0,,62.0,62.0,44.0,33.0,16.0,0.0,54.0,,47.0,55.0,72.0,42.0,0.0,0.0,33.0,13.462,88.462,1.0
2026-01-03,2,12,,,,,,,,,,,,,,,40.7,0.0,0.0,34.0,13.195,87.89500000000001,1.0
2026-01-03,2,13,,,,,,,,,,,,,,,40.1,0.0,0.0,32.0,12.974,85.074,
2026-01-03,2,14,,,,,,,,,,,,,,,39.8,0.0,0.0,33.0,12.429,85.229,
2026-01-03,2,15,,,,,,,,,,,,,,,40.7,0.0,0.0,33.0,12.18,85.88,1.0
2026-01-03,2,16,,,,,,,,,,,,,,,40.0,0.0,0.0,32.0,12.903,84.903,3.0
2026-01-03,2,17,62.0,58.0,,56.0,61.0,46.0,28.0,13.0,,45.0,,38.0,51.0,76.0,40.9,0.0,20.999,23.0,13.266,98.165,2.0
2026-01-03,2,18,,,,,,,,,,,,,,,39.6,0.0,42.074,22.0,13.148,116.822,1.0
2026-01-03,2,19,,,,,,,,,,,,,,,40.9,0.0,43.52,32.0,12.691,129.111,1.0
2026-01-03,2,20,,,,,,,,,,,,,,,41.2,0.0,42.858,32.0,13.413,129.471,2.0
2026-01-04,1,21,,,,,,,,,,,,,,,40.7,0.0,40.107,33.0,13.009,126.816,
2026-01-04,1,22,,,,,,,,,,,,,,,40.9,0.0,36.045,32.0,13.245,122.19,1.0
2026-01-04,1,23,,,,,,,,,,,,,,,39.9,0.0,40.134,32.0,12.913,124.94699999999999,
2026-01-04,1,24,69.0,65.0,73.0,64.0,59.0,48.0,40.0,,,56.0,58.0,44.0,50.0,64.0,40.8,0.0,38.588,33.0,12.994,125.382,3.0
2026-01-04,1,1,,,,,,,,,,,,,,,41.8,0.0,43.525,34.0,12.837,132.16199999999998,3.0
2026-01-04,1,2,,,,,,,,,,,,,,,40.6,0.0,42.045,33.0,12.796,128.441,2.0
2026-01-04,1,3,,,,,,,,,,,,,,,40.8,0.0,41.041,33.0,12.8,127.64099999999999,
2026-01-04,1,4,,,,,,,,,,,,,,,40.7,0.0,43.139,34.0,12.363,130.202,3.0
2026-01-04,1,5,68.0,65.0,74.0,62.0,57.0,45.0,40.0,,,55.0,58.0,49.0,47.0,65.0,42.0,0.0,42.364,34.0,12.224,130.588,1.0
2026-01-04,1,6,,,,,,,,,,,,,,,42.5,0.0,43.082,33.0,12.566,131.148,2.0
2026-01-04,1,7,,,,,,,,,,,,,,,43.3,0.0,42.611,34.0,12.846,132.757,2.0
2026-01-04,1,8,,,,,,,,,,,,,,,41.4,0.0,12.804,31.0,12.649,97.85300000000001,1.0
2026-01-04,2,9,,,,,,,,,,,,,,,39.3,0.0,0.0,17.0,12.013,68.313,
2026-01-04,2,10,,,,,,,,,,,,,,,39.9,0.0,0.0,0.0,12.357,52.257,2.0
2026-01-04,2,11,65.0,50.0,,,58.0,39.0,33.0,0.0,,49.0,,51.0,58.0,70.0,39.5,0.0,0.0,0.0,12.56,52.06,1.0
2026-01-04,2,12,,,,,,,,,,,,,,,37.8,0.0,31.282,0.0,12.62,81.702,1.0
2026-01-04,2,13,,,72.0,,,,,,,,53.0,,,,41.0,0.0,43.618,17.0,12.37,113.988,1.0
2026-01-04,2,14,,,,53.0,,,,,,,,,,,41.0,0.0,44.39,32.0,12.99,130.38,
2026-01-04,2,15,,,,,,,,,,,,,,,1.8,0.0,43.922,33.0,12.91,91.63199999999999,1.0
2026-01-04,2,16,,,,,,,,,,,,,,,0.0,0.0,42.507,33.0,13.08,88.587,2.0
2026-01-04,2,17,,57.0,69.0,57.0,59.0,40.0,31.0,15.0,,,50.0,47.0,48.0,72.0,0.0,0.0,41.524,33.0,12.93,87.45400000000001,1.0
2026-01-04,2,18,,,,,,,,,,,,,,,41.0,0.0,43.925,32.0,13.47,130.395,2.0
2026-01-04,2,19,68.0,,,,,,,,,50.0,,,,,41.0,0.0,43.335,34.0,13.38,131.715,2.0
2026-01-04,2,20,,,,,,,,,,,,,,,41.0,0.0,41.989,33.0,13.26,129.249,4.0
2026-01-05,1,21,,,,,,,,,,,,,,,40.1,0.0,42.285,33.0,13.48,128.86499999999998,
2026-01-05,1,22,,,,,,,,,,,,,,,39.1,0.0,39.73,32.0,12.76,123.59,2.0
2026-01-05,1,23,78.0,67.0,78.0,61.0,64.0,48.0,41.0,,,64.0,66.0,54.0,54.0,61.0,39.6,0.0,38.907,32.0,13.43,123.93700000000001,2.0
2026-01-05,1,24,,,,,,,,,,,,,,,38.3,0.0,31.63,32.0,13.09,115.02,
2026-01-05,1,1,,,,,,,,,,,,,,,42.5,0.0,38.337,34.0,12.49,127.327,1.0
2026-01-05,1,2,,,,,,,,,,,,,,,43.4,0.0,39.307,33.0,13.69,129.397,1.0
2026-01-05,1,3,,,,,,,,,,,,,,,37.8,0.0,39.163,32.0,12.53,121.493,4.0
2026-01-05,1,4,,,,,,,,,,,,,,,41.9,0.0,42.502,33.0,13.14,130.542,4.0
2026-01-05,1,5,75.0,64.0,72.0,57.0,62.0,46.0,43.0,,,64.0,62.0,50.0,52.0,64.0,39.9,0.0,37.28,34.0,12.69,123.87,2.0
2026-01-05,1,6,,,,,,,,,,,,,,,39.4,0.0,38.372,33.0,13.04,123.81199999999998,
2026-01-05,1,7,,,,,,,,,,,,,,,40.7,0.0,20.965,33.0,13.3,107.965,3.0
2026-01-05,1,8,,,,,,,,,,,,,,,40.8,0.0,41.521,30.0,12.72,125.041,1.0
2026-01-05,2,9,,,,,,,,,,,,,,,33.8,0.0,32.574,29.0,12.51,107.884,
2026-01-05,2,10,,,,,,,,,,,,,,,32.7,0.0,34.666,29.0,12.41,108.776,1.0
2026-01-05,2,11,64.0,,66.0,54.0,59.0,40.0,,29.0,,44.0,51.0,50.0,60.0,,28.6,0.0,34.743,30.0,11.56,104.903,2.0
2026-01-05,2,12,,,,,,,,,,,,,,,33.9,0.0,36.044,29.0,10.0,108.94399999999999,3.0
2026-01-05,2,13,,,,,,,,,,,,,,,37.2,0.0,39.107,29.0,10.0,115.307,1.0
2026-01-05,2,14,,,,,,,,,,,,,,,38.6,0.0,44.713,29.0,11.0,123.313,
2026-01-05,2,15,,62.0,,,,,39.0,,,,,,,67.0,37.5,0.0,43.296,30.0,10.59,121.386,2.0
2026-01-05,2,16,,,,,,,,,,,,,,,40.9,0.0,43.7,29.0,11.15,124.75,3.0
2026-01-05,2,17,69.0,62.0,72.0,54.0,60.0,47.0,38.0,25.0,,51.0,54.0,49.0,44.0,65.0,40.9,0.0,42.829,31.0,11.71,126.439,5.0
2026-01-05,2,18,,,,,,,,,,,,,,,38.4,0.0,41.863,30.0,13.47,123.733,5.0
2026-01-05,2,19,,,,,,,,,,,,,,,40.8,0.0,41.747,32.0,11.88,126.42699999999999,3.0
2026-01-05,2,20,,,,,,,,,,,,,,,39.6,0.0,39.623,30.0,9.87,119.093,2.0
2026-01-06,1,21,,,,,,,,,,,,,,,41.7,0.0,36.879,32.0,10.71,121.28900000000002,1.0
2026-01-06,1,22,,,,,,,,,,,,,,,42.0,0.0,41.601,32.0,12.17,127.771,1.0
2026-01-06,1,23,77.0,65.0,70.0,64.0,62.0,51.0,36.0,,,65.0,60.0,54.0,47.0,69.0,42.1,0.0,42.319,32.0,9.79,126.209,
2026-01-06,1,24,,,,,,,,,,,,,,,42.8,0.0,38.705,33.0,12.28,126.785,1.0
2026-01-06,1,1,,,,,,,,,,,,,,,36.3,0.0,44.367,34.0,11.24,125.907,3.0
2026-01-06,1,2,,,,,,,,,,,,,,,40.9,0.0,42.99,31.0,11.5,126.39,1.0
2026-01-06,1,3,,,,,,,,,,,,,,,39.8,0.0,46.823,34.0,11.0,131.623,3.0
2026-01-06,1,4,,,,,,,,,,,,,,,41.9,0.0,47.077,33.0,11.43,133.407,2.0
2026-01-06,1,5,78.0,66.0,75.0,70.0,68.0,48.0,34.0,,,63.0,60.0,55.0,50.0,71.0,41.7,0.0,44.598,35.0,11.52,132.818,4.0
2026-01-06,1,6,,,,,,,,,,,,,,,42.0,0.0,40.446,36.0,11.49,129.936,4.0
2026-01-06,1,7,,,,,,,,,,,,,,,40.1,0.0,42.868,36.0,12.52,131.488,4.0
2026-01-06,1,8,,,,,,,,,,,,,,,43.4,0.0,40.672,33.0,10.91,127.982,6.0
2026-01-06,2,9,,,,,,,,,,,,,,,26.8,0.0,38.519,37.0,11.58,113.899,1.0
2026-01-06,2,10,,,,,,,,,,,,,,,0.0,0.0,46.525,30.0,11.39,87.915,1.0
2026-01-06,2,11,,53.0,71.0,63.0,57.0,44.0,33.0,25.0,,,55.0,52.0,55.0,69.0,0.0,0.0,43.163,30.0,11.07,84.233,3.0
2026-01-06,2,12,,,,,,,,,,,,,,,0.0,0.0,46.557,28.0,11.22,85.777,2.0
2026-01-06,2,13,,,,,,,,,,,,,,,0.0,0.0,46.074,34.0,10.48,90.554,2.0
2026-01-06,2,14,,,,,,,,,,,,,,,0.0,0.0,43.661,30.0,11.7,85.361,1.0
2026-01-06,2,15,,,,,,,,,,,,,,,34.7,0.0,38.947,31.0,9.58,114.227,2.0
2026-01-06,2,16,,,,,,,,,,,,,,,43.5,0.0,41.865,32.0,11.58,128.94500000000002,3.0
2026-01-06,2,17,63.0,53.0,70.0,59.0,62.0,42.0,31.0,29.0,,43.0,55.0,56.0,57.0,72.0,42.0,0.0,44.88,32.0,12.1,130.98,3.0
2026-01-06,2,18,,,,,,,,,,,,,,,42.0,0.0,41.782,31.0,12.37,127.152,4.0
2026-01-06,2,19,,,,,,,,,,,,,,,42.0,0.0,42.0,31.0,11.75,126.75,4.0
2026-01-06,2,20,,,,,,,,,,,,,,,42.0,0.0,42.0,30.0,12.83,126.83,5.0
2026-01-07,1,21,,,,,,,,,,,,,,,37.1,0.0,42.4,26.5,11.9,117.9,
2026-01-07,1,22,,,,,,,,,,,,,,,37.2,0.0,43.681,25.0,11.89,117.771,3.0
2026-01-07,1,23,,,,,,,,,,,,,,,42.0,0.0,43.0,30.0,12.78,127.78,5.0
2026-01-07,1,24,70.0,61.0,70.0,68.0,68.0,46.0,39.0,,,58.0,55.0,52.0,51.0,68.0,41.0,0.0,42.0,31.0,11.51,125.51,2.0
2026-01-07,1,1,,,,,,,,,,,,,,,42.0,0.0,41.0,30.0,9.56,122.56,1.0
2026-01-07,1,2,,,,,,,,,,,,,,,31.5,0.0,27.0,22.5,8.1,89.1,1.0
2026-01-07,1,3,,,,,,,,,,,,,,,29.4,0.0,29.4,21.0,8.4,88.2,3.0
2026-01-07,1,4,,,,,,,,,,,,,,,37.0,0.0,30.62,25.0,12.61,105.23,3.0
2026-01-07,1,5,65.0,56.0,67.0,55.0,53.0,37.0,28.0,44.0,,50.0,54.0,46.0,55.0,81.0,24.0,0.0,23.744,20.0,12.37,80.114,3.0
2026-01-07,1,6,,,,,,,,,,,,,,,22.6,0.0,24.0,21.0,13.91,81.50999999999999,3.0
2026-01-07,1,7,,,,,,,,,,,,,,,38.2,0.0,38.821,28.0,9.0,114.021,3.0
2026-01-07,1,8,,,,,,,,,,,,,,,37.2,0.0,38.34,20.0,9.35,104.89,4.0
2026-01-07,2,9,,,,,,,,,,,,,,,12.3,0.0,24.961,12.0,2.74,52.001,
2026-01-07,2,10,,,,,,,,,,,,,,,8.9,0.0,28.519,18.0,0.0,55.419,1.0
2026-01-07,2,11,27.0,44.0,73.0,29.0,,33.0,22.0,35.0,,15.0,58.0,,58.0,83.0,7.7,0.0,43.156,7.0,0.0,57.856,2.0
2026-01-07,2,12,,,,,,,,,,,,,,,12.9,0.0,42.668,31.0,0.0,86.568,3.0
2026-01-07,2,13,,,,,,,,,,,,,,,21.4,0.0,48.479,35.0,4.19,109.06899999999999,2.0
2026-01-07,2,14,,,,,59.0,,,,,,,44.0,,,41.5,0.0,49.034,34.0,7.95,132.48399999999998,4.0
2026-01-07,2,15,,,,,,,,,,,,,,,36.5,0.0,19.269,36.0,9.11,100.879,4.0
2026-01-07,2,16,,,,,,,,,,,,,,,37.3,0.0,17.259,36.0,5.9,96.459,4.0
2026-01-07,2,17,65.0,49.0,,62.0,40.0,40.0,31.0,40.0,,45.0,,39.0,54.0,72.0,35.1,0.0,0.0,32.0,7.2,74.3,3.0
2026-01-07,2,18,,,,,,,,,,,,,,,40.6,0.0,0.0,37.0,8.21,85.81,4.0
2026-01-07,2,19,,,,,,,,,,,,,,,19.0,0.0,0.0,15.0,4.29,38.29,5.0
2026-01-07,2,20,,,,,,,,,,,,,,,33.0,0.0,0.0,9.5,9.0,51.5,3.0
2026-01-08,1,21,,,,,,,,,,,,,,,26.1,0.0,0.0,33.0,8.82,67.92,3.0
2026-01-08,1,22,,,,,,,,,,,,,,,36.9,0.0,0.0,29.0,7.3,73.2,3.0
2026-01-08,1,23,,,,,,,,,,,,,,,45.6,0.0,0.0,37.0,10.12,92.72,3.0
2026-01-08,1,24,67.0,51.0,,67.0,60.0,43.0,29.0,,,51.0,,44.0,56.0,74.0,39.1,0.0,0.0,24.0,8.14,71.24000000000001,3.0
2026-01-08,1,1,,,,,,,,,,,,,,,41.2,0.0,0.0,24.0,8.8,74.0,1.0
2026-01-08,1,2,,,,,,,,,,,,,,,37.2,0.0,0.0,35.0,7.89,80.09,4.0
2026-01-08,1,3,,,,,,,,,,,,,,,44.0,0.0,32.106,30.0,7.53,113.636,4.0
2026-01-08,1,4,,,,,,,,,,,,,,,43.0,0.0,43.209,31.0,9.52,126.729,3.0
2026-01-08,1,5,70.0,62.0,73.0,68.0,69.0,44.0,32.0,,,58.0,58.0,52.0,52.0,71.0,42.0,0.0,39.269,32.0,10.7,123.96900000000001,5.0
2026-01-08,1,6,,,,,,,,,,,,,,,42.0,0.0,40.033,32.0,9.62,123.653,4.0
2026-01-08,1,7,,,,,,,,,,,,,,,42.0,0.0,43.332,32.0,8.79,126.12199999999999,3.0
2026-01-08,1,8,,,,,,,,,,,,,,,41.0,0.0,46.035,33.0,8.25,128.285,5.0
2026-01-08,2,9,,,,,,,,,,,,,,,39.9,0.0,14.735,32.0,10.69,97.32499999999999,
2026-01-08,2,10,,,,,,,,,,,,,,,39.1,0.0,40.167,31.0,10.82,121.08699999999999,3.0
2026-01-08,2,11,64.0,51.0,75.0,57.0,60.0,42.0,35.0,,,42.0,55.0,40.0,55.0,68.0,38.1,0.0,44.272,32.0,11.71,126.082,2.0
2026-01-08,2,12,,,,,,,,,,,,,,,43.1,0.0,40.805,32.0,15.08,130.985,2.0
2026-01-08,2,13,,,,,,,,,,,,,,,37.6,0.0,32.199,30.0,10.86,110.659,2.0
2026-01-08,2,14,,,,,,,,,,,,,,,35.2,0.0,22.162,24.0,16.63,97.99199999999999,6.0
2026-01-08,2,15,,,,,,,,,,,,,,,36.5,0.0,30.679,18.0,16.69,101.869,3.0
2026-01-08,2,16,,,,,,,,,,,,,,,29.1,0.0,21.498,26.0,15.68,92.27799999999999,3.0
2026-01-08,2,17,61.0,62.0,71.0,61.0,60.0,40.0,32.0,20.0,35.0,38.0,55.0,51.0,57.0,72.0,27.4,0.0,38.293,25.0,14.62,105.313,4.0
2026-01-08,2,18,,,,,,,,,,,,,,,36.3,0.0,42.703,37.0,14.34,130.343,4.0
2026-01-08,2,19,,,,,,,,,,,,,,,36.1,0.0,31.037,39.0,15.72,121.857,5.0
2026-01-08,2,20,,,,,,,,,,,,,,,38.4,0.0,41.206,36.0,14.41,130.016,4.0
2026-01-09,1,21,,,,,,,,,,,,,,,38.8,0.0,31.382,33.0,13.12,116.302,1.0
2026-01-09,1,22,,,,,,,,,,,,,,,40.9,0.0,40.673,31.0,13.29,125.863,3.0
2026-01-09,1,23,68.0,62.0,75.0,63.0,60.0,44.0,35.0,46.0,30.0,45.0,58.0,49.0,56.0,70.0,39.2,0.0,48.697,35.0,10.98,133.877,6.0
2026-01-09,1,24,,,,,,,,,,,,,,,38.6,0.0,41.005,32.0,10.1,121.705,3.0
2026-01-09,1,1,,,,,,,,,,,,,,,42.4,0.0,41.365,32.0,11.58,127.345,2.0
2026-01-09,1,2,,,,,,,,,,,,,,,38.4,0.0,42.073,32.0,11.24,123.713,7.0
2026-01-09,1,3,,,,,,,,,,,,,,,42.7,0.0,42.987,31.0,12.24,128.92700000000002,1.0
2026-01-09,1,4,,,,,,,,,,,,,,,40.7,0.0,39.327,32.0,10.9,122.927,5.0
2026-01-09,1,5,67.0,61.0,73.0,62.0,56.0,44.0,34.0,33.0,10.0,47.0,56.0,46.0,57.0,72.0,41.5,0.0,42.013,33.0,11.55,128.06300000000002,5.0
2026-01-09,1,6,,,,,,,,,,,,,,,41.6,0.0,44.036,32.0,12.71,130.346,5.0
2026-01-09,1,7,,,,,,,,,,,,,,,39.1,0.0,42.461,30.0,12.3,123.861,5.0
2026-01-09,1,8,,,,,,,,,,,,,,,33.2,0.0,42.641,31.0,12.12,118.96100000000001,4.0
2026-01-09,2,9,,,,,,,,,,,,,,,25.5,0.0,38.13,32.0,13.25,108.88,1.0
2026-01-09,2,10,,,,,,,,,,,,,,,0.0,0.0,46.538,30.0,12.94,89.478,1.0
2026-01-09,2,11,,43.0,71.0,59.0,56.0,44.0,32.0,,,,52.0,44.0,54.0,72.0,0.0,0.0,49.538,30.0,13.19,92.728,7.0
2026-01-09,2,12,,,,,,,,,,,,,,,26.6,0.0,36.242,29.0,12.99,104.832,
2026-01-09,2,13,,,,,,,,,,,,,,,21.1,0.0,43.648,30.0,12.21,106.958,1.0
2026-01-09,2,14,,,,,,,,,,,,,,,43.0,0.0,45.105,32.0,12.55,132.655,4.0
2026-01-09,2,15,,,,,,,,,,,,,,,43.0,0.0,46.068,34.0,12.83,135.898,2.0
2026-01-09,2,16,,,,,,,,,,,,,,,43.0,0.0,48.361,34.0,13.77,139.131,4.0
2026-01-09,2,17,65.0,61.0,74.0,65.0,53.0,47.0,35.0,,,45.0,54.0,38.0,52.0,68.0,40.0,0.0,49.654,35.0,13.42,138.07399999999998,4.0
2026-01-09,2,18,,,,,,,,,,,,,,,41.3,0.0,47.04,35.0,13.27,136.61,4.0
2026-01-09,2,19,,,,,,,,,,,,,,,40.2,0.0,47.446,32.0,13.16,132.806,3.0
2026-01-09,2,20,,,,,,,,,,,,,,,39.0,0.0,43.799,31.0,12.67,126.46900000000001,8.0
2026-01-10,1,21,,,,,,,,,,,,,,,41.0,0.0,30.852,29.0,11.93,112.78200000000001,1.0
2026-01-10,1,22,,,,,,,,,,,,,,,42.0,0.0,39.95,36.0,11.68,129.63,4.0
2026-01-10,1,23,71.0,63.0,73.0,65.0,64.0,43.0,35.0,45.0,35.0,48.0,57.0,54.0,53.0,67.0,40.0,0.0,43.377,39.0,12.5,134.877,7.0
2026-01-10,1,24,,,,,,,,,,,,,,,42.0,0.0,30.671,26.0,13.07,111.74099999999999,3.0
2026-01-10,1,1,,,,,,,,,,,,,,,42.0,0.0,42.469,37.0,13.13,134.599,2.0
2026-01-10,1,2,,,,,,,,,,,,,,,43.0,0.0,45.257,36.0,11.24,135.497,8.0
2026-01-10,1,3,,,,,,,,,,,,,,,19.0,0.0,46.107,37.0,11.09,113.197,7.0
2026-01-10,1,4,,,,,,,,,,,,,,,43.0,0.0,40.962,38.0,10.21,132.172,9.0
2026-01-10,1,5,67.0,62.0,78.0,68.0,64.0,45.0,36.0,48.0,42.0,42.0,59.0,54.0,48.0,69.0,41.0,0.0,45.902,33.0,11.6,131.502,10.0
2026-01-10,1,6,,,,,,,,,,,,,,,38.0,0.0,36.458,33.0,12.11,119.568,5.0
2026-01-10,1,7,,,,,,,,,,,,,,,42.0,0.0,46.804,34.0,11.75,134.554,3.0
2026-01-10,1,8,,,,,,,,,,,,,,,40.0,0.0,45.26,33.0,11.63,129.89,8.0
2026-01-10,2,9,,,,,,,,,,,,,,,42.0,0.0,49.17,32.0,12.3,135.47,3.0
2026-01-10,2,10,,,,,,,,,,,,,,,42.0,0.0,49.652,32.0,10.93,134.582,8.0
2026-01-10,2,11,,,,,,,,,,,,,,,36.3,0.0,35.194,34.0,11.53,117.024,11.0
2026-01-10,2,12,66.0,58.0,72.0,68.0,68.0,43.0,34.0,,,51.0,62.0,52.0,52.0,71.0,38.2,0.0,37.617,34.0,11.71,121.52700000000002,10.0
2026-01-10,2,13,,,,,,,,,,,,,,,39.2,0.0,43.0,33.0,11.8,127.0,6.0
2026-01-10,2,14,,,,,,,,,,,,,,,43.0,0.0,42.0,32.0,10.87,127.87,5.0
2026-01-10,2,15,,,,,,,,,,,,,,,43.0,0.0,40.011,34.0,10.53,127.541,9.0
2026-01-10,2,16,,,,,,,,,,,,,,,44.5,0.0,41.759,35.0,12.29,133.549,4.0
2026-01-10,2,17,73.0,,74.0,55.0,54.0,38.0,,,,51.0,53.0,48.0,57.0,,39.9,0.0,43.0,34.0,11.91,128.81,8.0
2026-01-10,2,18,,,,,,,,,,,,,,,42.1,0.0,43.0,34.0,12.43,131.53,4.0
2026-01-10,2,19,,,,,,,,,,,,,,,40.1,0.0,43.0,32.0,12.57,127.66999999999999,7.0
2026-01-10,2,20,,,,,,,,,,,,,,,40.5,0.0,41.0,33.0,12.69,127.19,5.0
2026-01-11,1,21,,,,,,,,,,,,,,,41.7,0.0,42.734,34.0,9.35,127.78399999999999,4.0
2026-01-11,1,22,,,,,,,,,,,,,,,43.2,0.0,43.815,36.0,12.58,135.595,5.0
2026-01-11,1,23,64.0,63.0,72.0,62.0,61.0,42.0,33.0,36.0,19.0,44.0,57.0,51.0,55.0,72.0,43.8,0.0,45.721,36.0,11.92,137.44099999999997,7.0
2026-01-11,1,24,,,,,,,,,,,,,,,43.9,0.0,43.474,34.0,13.03,134.404,4.0
2026-01-11,1,1,,,,,,,,,,,,,,,42.6,0.0,42.604,34.0,12.55,131.75400000000002,6.0
2026-01-11,1,2,,,,,,,,,,,,,,,40.1,0.0,42.884,35.0,12.11,130.094,3.0
2026-01-11,1,3,,,,,,,,,,,,,,,42.9,0.0,42.696,35.0,13.21,133.806,5.0
2026-01-11,1,4,,,,,,,,,,,,,,,44.0,0.0,44.262,34.0,12.81,135.072,3.0
2026-01-11,1,5,65.0,61.0,71.0,61.0,63.0,47.0,40.0,29.0,,50.0,57.0,52.0,53.0,68.0,43.3,0.0,44.533,32.0,11.9,131.733,3.0
2026-01-11,1,6,,,,,,,,,,,,,,,43.1,0.0,44.017,33.0,12.92,133.037,4.0
2026-01-11,1,7,,,,,,,,,,,,,,,42.9,0.0,43.892,33.0,13.11,132.902,3.0
2026-01-11,1,8,,,,,,,,,0.0,,,,,,35.4,0.0,37.956,27.0,11.97,112.326,8.0
2026-01-11,2,9,,,,,,,,,,,,,,,23.4,0.0,38.515,29.0,13.37,104.285,3.0
2026-01-11,2,10,,,,,,,,,,,,,,,0.0,0.0,37.213,31.0,13.14,81.353,5.0
2026-01-11,2,11,,,,,,,,,,,,,,,0.0,0.0,40.5,31.0,12.69,84.19,3.0
2026-01-11,2,12,,51.0,73.0,63.0,58.0,45.0,38.0,,,,52.0,44.0,51.0,72.0,0.0,0.0,41.0,33.0,13.26,87.26,6.0
2026-01-11,2,13,,,,,,,,,,,,,,,13.8,0.0,42.0,31.0,12.58,99.38,6.0
2026-01-11,2,14,,,,,,,,,,,,,,,38.7,0.0,42.91,34.0,11.91,127.52,3.0
2026-01-11,2,15,,,,,,,,,,,,,,,41.0,0.0,42.0,31.0,13.37,127.37,2.0
2026-01-11,2,16,,,,,,,,,,,,,,,40.0,0.0,34.1,27.0,11.39,112.49,3.0
2026-01-11,2,17,,,,,,,,,,,,,,,42.0,0.0,43.0,37.0,11.66,133.66,6.0
2026-01-11,2,18,74.0,61.0,73.0,63.0,65.0,51.0,40.0,,,58.0,62.0,50.0,48.0,71.0,42.0,0.0,44.0,35.0,9.15,130.15,4.0
2026-01-11,2,19,,,,,,,,,,,,,,,41.0,0.0,43.0,33.0,11.73,128.73,4.0
2026-01-11,2,20,,,,,,,,,,,,,,,44.0,0.0,43.0,35.0,12.25,134.25,4.0
2026-01-12,1,21,,,,,,,,,,,,,,,39.0,0.0,41.946,33.0,12.42,126.366,3.0
2026-01-12,1,22,,,,,,,,,,,,,,,40.2,0.0,41.325,32.0,12.43,125.95500000000001,4.0
2026-01-12,1,23,68.0,62.0,71.0,63.0,63.0,41.0,33.0,40.0,30.0,43.0,59.0,51.0,56.0,73.0,40.0,0.0,41.6,31.0,11.83,124.42999999999999,3.0
2026-01-12,1,24,,,,,,,,,,,,,,,40.2,0.0,42.483,35.0,12.14,129.82299999999998,3.0
2026-01-12,1,1,,,,,,,,,,,,,,,40.2,0.0,42.015,35.0,11.75,128.965,5.0
2026-01-12,1,2,,,,,,,,,,,,,,,40.5,0.0,41.65,35.0,12.2,129.35,4.0
2026-01-12,1,3,,,,,,,,,,,,,,,40.8,0.0,31.612,32.0,12.07,116.482,4.0
2026-01-12,1,4,,,,,,,,,,,,,,,40.2,0.0,42.634,33.0,11.58,127.414,5.0
2026-01-12,1,5,65.0,62.0,73.0,60.0,65.0,46.0,37.0,35.0,26.0,44.0,59.0,55.0,52.0,67.0,30.9,0.0,43.748,35.0,12.79,122.43799999999999,4.0
2026-01-12,1,6,,,,,,,,,,,,,,,34.3,0.0,44.608,33.0,12.91,124.81799999999998,5.0
2026-01-12,1,7,,,,,,,,,,,,,,,42.7,0.0,43.066,35.0,12.58,133.346,4.0
2026-01-12,1,8,,,,,,,,,,,,,,,38.2,0.0,40.139,32.0,12.17,122.509,7.0
2026-01-12,2,9,,,,,,,,,,,,,,,37.0,0.0,20.256,0.0,10.17,67.426,
2026-01-12,2,10,,,,,,,,,,,,,,,35.6,0.0,34.705,0.0,12.21,82.51500000000001,2.0
2026-01-12,2,11,59.0,45.0,72.0,,61.0,42.0,35.0,,,56.0,54.0,50.0,58.0,85.0,43.0,0.0,43.0,0.0,12.31,98.31,4.0
2026-01-12,2,12,,,,,,,,,,,,,,,42.0,0.0,43.0,0.0,11.98,96.98,4.0
2026-01-12,2,13,,,,,,,,,,,,,,,41.0,0.0,42.0,0.0,12.33,95.33,2.0
2026-01-12,2,14,,,,,,,,,,,,,,,41.0,0.0,43.0,0.0,12.4,96.4,3.0
2026-01-12,2,15,,,,,,,,,,,,,,,42.0,0.0,43.0,0.0,12.38,97.38,4.0
2026-01-12,2,16,,,,,,,,,,,,,,,41.0,0.0,42.0,0.0,12.99,95.99,4.0
2026-01-12,2,17,64.0,46.0,79.0,,58.0,41.0,36.0,,,51.0,58.0,46.0,56.0,81.0,41.0,0.0,41.0,14.0,12.24,108.24,5.0
2026-01-12,2,18,,,,,,,,,,,,,,,38.3,0.0,40.891,26.0,12.29,117.481,3.0
2026-01-12,2,19,,,,,,,,,,,,,,,38.5,0.0,43.376,27.0,11.33,120.206,4.0
2026-01-12,2,20,,,,,,,,,,,,,,,41.9,0.0,43.072,33.0,12.41,130.382,5.0
2026-01-13,1,21,,,,,,,,,,,,,,,40.0,0.0,41.244,36.0,11.85,129.094,2.0
2026-01-13,1,22,,,,,,,,,,,,,,,39.8,0.0,40.179,30.0,12.15,122.129,4.0
2026-01-13,1,23,65.0,58.0,69.0,53.0,60.0,43.0,34.0,38.0,30.0,44.0,52.0,52.0,54.0,76.0,37.0,0.0,38.56,23.0,11.36,109.92,3.0
2026-01-13,1,24,,,,,,,,,,,,,,,40.8,0.0,40.902,34.0,11.7,127.402,6.0
2026-01-13,1,1,,,,,,,,,,,,,,,40.8,0.0,43.212,35.0,12.19,131.202,4.0
2026-01-13,1,2,,,,,,,,,,,,,,,38.9,0.0,43.108,35.0,11.28,128.28799999999998,5.0
2026-01-13,1,3,,,,,,,,,,,,,,,39.4,0.0,43.433,38.0,12.21,133.043,6.0
2026-01-13,1,4,,,,,,,,,,,,,,,42.2,0.0,42.138,37.0,11.61,132.94799999999998,4.0
2026-01-13,1,5,68.0,59.0,72.0,65.0,63.0,44.0,36.0,35.0,31.0,45.0,59.0,54.0,54.0,70.0,42.3,0.0,45.102,36.0,11.48,134.88199999999998,3.0
2026-01-13,1,6,,,,,,,,,,,,,,,40.3,0.0,44.893,35.0,11.46,131.653,3.0
2026-01-13,1,7,,,,,,,,,,,,,,,41.3,0.0,46.199,36.0,11.42,134.91899999999998,6.0
2026-01-13,1,8,,,,,,,,,,,,,,,41.1,0.0,43.805,31.0,11.84,127.745,5.0
2026-01-13,2,9,,,,,,,,,,,,,,,42.7,0.0,40.675,29.0,11.54,123.91499999999999,1.0
2026-01-13,2,10,,,,,,,,,,,,,,,42.5,0.0,41.154,34.0,11.18,128.834,3.0
2026-01-13,2,11,,,,,,,,,,,,,,,43.0,0.0,42.876,36.0,11.48,133.356,4.0
2026-01-13,2,12,71.0,62.0,68.0,65.0,69.0,43.0,36.0,,,55.0,60.0,52.0,52.0,67.0,45.5,0.0,39.126,37.0,11.96,133.586,4.0
2026-01-13,2,13,,,,,,,,,,,,,,,40.9,0.0,44.546,36.0,11.85,133.296,2.0
2026-01-13,2,14,,,,,,,,,,,,,,,30.9,0.0,43.207,31.0,11.74,116.847,5.0
2026-01-13,2,15,,,,,,,,,,,,,,,43.3,0.0,43.865,33.0,12.55,132.715,5.0
2026-01-13,2,16,68.0,57.0,69.0,60.0,,43.0,30.0,,,49.0,56.0,,55.0,73.0,49.4,0.0,39.055,36.0,5.33,129.785,3.0
2026-01-13,2,17,,,,,,,,,,,,,,,41.2,0.0,3.71,36.0,11.65,92.56,4.0
2026-01-13,2,18,,,,,,,,,,,,,,,47.7,0.0,0.0,34.0,10.83,92.53,5.0
2026-01-13,2,19,,,,,,,,,,,,,,,49.6,0.0,0.0,36.0,12.46,98.06,5.0
2026-01-13,2,20,,,,,,,,,,,,,,,47.4,0.0,26.177,30.0,12.42,115.997,6.0
2026-01-14,1,21,,,,,,,,,,,,,,,43.1,0.0,43.521,22.0,11.84,120.46100000000001,2.0
2026-01-14,1,22,,,,,,,,,,,,,,,42.8,0.0,43.655,34.0,12.61,133.065,2.0
2026-01-14,1,23,64.0,61.0,72.0,61.0,64.0,40.0,33.0,40.0,30.0,44.0,56.0,54.0,53.0,71.0,40.6,0.0,47.878,32.0,13.9,134.37800000000001,5.0
2026-01-14,1,24,,,,,,,,,,,,,,,40.7,0.0,45.317,32.0,13.56,131.577,4.0
2026-01-14,1,1,,,,,,,,,,,,,,,42.0,0.0,45.873,32.0,14.46,134.333,4.0
2026-01-14,1,2,,,,,,,,,,,,,,,42.7,0.0,43.989,33.0,12.95,132.63899999999998,5.0
2026-01-14,1,3,,,,,,,,,,,,,,,41.7,0.0,44.041,34.0,13.36,133.101,5.0
2026-01-14,1,4,,,,,,,,,,,,,,,42.0,0.0,43.519,33.0,13.26,131.779,4.0
2026-01-14,1,5,63.0,60.0,69.0,61.0,63.0,40.0,32.0,28.0,42.0,44.0,53.0,51.0,55.0,73.0,45.7,0.0,43.448,33.0,12.76,134.908,4.0
2026-01-14,1,6,,,,,,,,,,,,,,,42.7,0.0,43.905,33.0,12.81,132.415,5.0
2026-01-14,1,7,,,,,,,,,,,,,,,40.8,0.0,42.917,33.0,13.4,130.117,4.0
2026-01-14,1,8,,,,,,,,,,,,,,,41.2,0.0,41.426,30.0,13.04,125.666,7.0
2026-01-14,2,9,,,,,,,,,,,,,,,44.3,0.0,41.381,37.0,12.76,135.441,
2026-01-14,2,10,,,,,,,,,,,,,,,37.6,0.0,33.881,31.0,12.69,115.17099999999999,4.0
2026-01-14,2,11,,,,,,,,,,,,,,,46.9,0.0,40.205,32.0,13.28,132.385,6.0
2026-01-14,2,12,72.0,65.0,76.0,71.0,69.0,47.0,34.0,,,61.0,63.0,56.0,50.0,67.0,45.3,0.0,39.94,34.0,12.58,131.82,2.0
2026-01-14,2,13,,,,,,,,,,,,,,,43.0,0.0,39.998,34.0,9.98,126.978,3.0
2026-01-14,2,14,,,,,,,,,,,,,,,44.6,0.0,41.357,32.0,9.83,127.78699999999999,3.0
2026-01-14,2,15,,,,,,,,,,,,,,,46.4,0.0,39.681,29.0,10.12,125.201,4.0
2026-01-14,2,16,,,,,,,,,,,,,,,48.3,0.0,38.783,29.0,8.7,124.783,6.0
2026-01-14,2,17,,,,,,,,,,,,,,,42.3,0.0,37.403,29.0,11.77,120.473,2.0
2026-01-14,2,18,70.0,57.0,73.0,60.0,63.0,46.0,37.0,,,56.0,61.0,46.0,52.0,71.0,44.0,0.0,40.855,30.0,13.27,128.125,5.0
2026-01-14,2,19,,,,,,,,,,,,,,,38.6,0.0,39.785,32.0,12.6,122.98499999999999,6.0
2026-01-14,2,20,,,,,,,,,,,,,,,38.9,0.0,43.778,33.0,12.45,128.128,5.0
2026-01-15,1,21,,,,,,,,,,,,,,,32.7,0.0,38.796,33.0,12.34,116.83600000000001,
2026-01-15,1,22,,,,,,,,,,,,,,,37.7,0.0,33.713,26.0,12.13,109.543,2.0
2026-01-15,1,23,73.0,52.0,70.0,60.0,68.0,43.0,33.0,33.0,38.0,55.0,53.0,47.0,56.0,70.0,39.5,0.0,43.43,32.0,13.03,127.96000000000001,3.0
2026-01-15,1,24,,,,,,,,,,,,,,,39.7,0.0,44.811,32.0,12.46,128.971,3.0
2026-01-15,1,1,,,,,,,,,,,,,,,40.1,0.0,44.706,32.0,13.1,129.906,3.0
2026-01-15,1,2,,,,,,,,,,,,,,,41.4,0.0,43.539,33.0,12.49,130.429,4.0
2026-01-15,1,3,,,,,,,,,,,,,,,42.5,0.0,41.47,33.0,12.9,129.87,4.0
2026-01-15,1,4,,,,,,,,,,,,,,,41.6,0.0,42.994,32.0,12.37,128.964,4.0
2026-01-15,1,5,66.0,58.0,68.0,60.0,59.0,43.0,36.0,13.0,3.0,54.0,56.0,45.0,54.0,68.0,40.0,0.0,40.038,32.0,11.0,123.038,4.0
2026-01-15,1,6,,,,,,,,,,,,,,,35.6,0.0,37.844,32.0,12.92,118.364,4.0
2026-01-15,1,7,,,,,,,,,,,,,,,37.8,0.0,42.603,32.0,12.52,124.92299999999999,4.0
2026-01-15,1,8,,,,,,,,,,,,,,,37.9,0.0,41.847,32.0,12.79,124.537,8.0
2026-01-15,2,9,,,,,,,,47.0,,,,,,,19.8,0.0,40.229,34.0,12.7,106.729,2.0
2026-01-15,2,10,,,,,,,,,,,,,,,26.2,0.0,29.807,27.0,1.37,84.37700000000001,5.0
2026-01-15,2,11,,,,,,,,,,,,,,,43.2,0.0,31.193,31.0,10.76,116.153,8.0
2026-01-15,2,12,76.0,52.0,71.0,59.0,49.0,42.0,39.0,,,52.0,58.0,37.0,52.0,68.0,41.2,0.0,41.428,32.0,12.64,127.268,3.0
2026-01-15,2,13,,,,,,,,,,,,,,,40.6,0.0,41.222,32.0,13.2,127.022,4.0
2026-01-15,2,14,,,,,,,,,,,,,,,38.2,0.0,29.962,29.0,13.45,110.61200000000001,2.0
2026-01-15,2,15,,,,,,,,,,,,,,,42.2,0.0,45.812,31.0,11.2,130.212,8.0
2026-01-15,2,16,,,,,,,,,,,,,,,41.1,0.0,44.805,32.0,13.61,131.515,6.0
2026-01-15,2,17,71.0,59.0,66.0,61.0,45.0,44.0,36.0,,,54.0,61.0,41.0,56.0,70.0,40.8,0.0,45.948,33.0,13.76,133.50799999999998,2.0
2026-01-15,2,18,,,,,,,,,,,,,,,40.4,0.0,39.897,31.0,11.85,123.14699999999999,6.0
2026-01-15,2,19,,,,,,,,,,,,,,,39.5,0.0,42.781,31.0,6.11,119.391,5.0
2026-01-15,2,20,,,,,,,,,,,,,,,32.2,0.0,33.624,32.0,9.71,107.53400000000002,7.0
2026-01-16,1,21,,,,,,,,,,,,,,,31.5,0.0,35.163,30.0,11.42,108.083,3.0
2026-01-16,1,22,,,,,,,,,,,,,,,36.9,0.0,35.797,30.0,10.96,113.65700000000001,3.0
2026-01-16,1,23,68.0,59.0,70.0,61.0,59.0,42.0,31.0,40.0,20.0,46.0,52.0,52.0,54.0,74.0,41.6,0.0,38.164,30.0,11.69,121.45400000000001,5.0
2026-01-16,1,24,,,,,,,,,,,,,,,39.3,0.0,39.683,35.0,8.84,122.82300000000001,3.0
2026-01-16,1,1,,,,,,,,,,,,,,,27.5,0.0,43.038,33.0,12.52,116.05799999999999,5.0
2026-01-16,1,2,,,,,,,,,,,,,,,39.4,0.0,32.878,32.0,12.44,116.71799999999999,6.0
2026-01-16,1,3,,,,,,,,,,,,,,,32.9,0.0,42.576,33.0,12.57,121.04599999999999,5.0
2026-01-16,1,4,,,,,,,,,,,,,,,34.5,0.0,40.683,33.0,12.68,120.863,6.0
2026-01-16,1,5,66.0,60.0,68.0,63.0,60.0,42.0,34.0,40.0,35.0,45.0,55.0,52.0,56.0,70.0,38.9,0.0,39.013,33.0,12.5,123.413,5.0
2026-01-16,1,6,,,,,,,,,,,,,,,32.5,0.0,40.342,32.0,12.7,117.542,5.0
2026-01-16,1,7,,,,,,,,,,,,,,,38.9,0.0,41.476,32.0,12.59,124.96600000000001,9.0
2026-01-16,1,8,,,,,,,,,,,,,,,37.4,0.0,42.003,32.0,12.07,123.47299999999998,7.0
2026-01-16,2,9,,,,,,,,,,,,,,,38.8,0.0,43.185,32.0,12.9,126.885,
2026-01-16,2,10,,,,,,,,,,,,,,,43.2,0.0,43.185,32.0,12.73,131.115,3.0
2026-01-16,2,11,,,,,,,,,,,,,,,43.2,0.0,39.726,31.0,13.32,127.24600000000001,10.0
2026-01-16,2,12,71.0,68.0,68.0,64.0,67.0,44.0,32.0,,,58.0,48.0,53.0,52.0,71.0,42.8,0.0,44.802,32.0,12.61,132.212,3.0
2026-01-16,2,13,,,,,,,,,,,,,,,36.7,0.0,35.379,31.0,12.01,115.08900000000001,4.0
2026-01-16,2,14,,,,,,,,,,,,,,,43.1,0.0,44.566,32.0,12.94,132.606,6.0
2026-01-16,2,15,,,,,,,,58.0,,,,,,,37.4,0.0,40.198,31.0,13.32,121.918,8.0
2026-01-16,2,16,,,,,,,,,,,,,,,40.6,0.0,44.95,31.0,13.2,129.75,8.0
2026-01-16,2,17,72.0,61.0,74.0,62.0,60.0,34.0,31.0,56.0,36.0,60.0,56.0,45.0,56.0,73.0,42.9,0.0,40.194,32.0,12.08,127.17399999999999,5.0
2026-01-16,2,18,,,,,,,,,,,,,,,43.4,0.0,43.497,32.0,12.74,131.637,5.0
2026-01-16,2,19,,,,,,,,,,,,,,,44.9,0.0,42.146,33.0,13.33,133.376,6.0
2026-01-16,2,20,,,,,,,,,,,,,,,42.3,0.0,40.401,35.0,11.98,129.68099999999998,12.0
2026-01-17,1,21,,,,,,,,,,,,,,,45.3,0.0,44.08,33.0,12.7,135.07999999999998,3.0
2026-01-17,1,22,,,,,,,,,,,,,,,46.1,0.0,46.112,39.0,11.58,142.792,5.0
2026-01-17,1,23,70.0,63.0,72.0,64.0,66.0,45.0,38.0,49.0,37.0,54.0,55.0,47.0,53.0,72.0,46.0,0.0,47.649,36.0,12.95,142.599,8.0
2026-01-17,1,24,,,,,,,,,,,,,,,43.0,0.0,43.352,34.0,11.95,132.302,6.0
2026-01-17,1,1,,,,,,,,,,,,,,,44.0,0.0,39.646,17.0,11.63,112.276,6.0
2026-01-17,1,2,,,,,,,,,,,,,,,42.8,0.0,41.505,34.0,10.82,129.125,6.0
2026-01-17,1,3,,,,,,,,,,,,,,,42.5,0.0,43.136,35.0,11.67,132.30599999999998,6.0
2026-01-17,1,4,,,,,,,,,,,,,,,43.8,0.0,41.293,35.0,10.83,130.923,6.0
2026-01-17,1,5,72.0,62.0,74.0,65.0,69.0,44.0,35.0,51.0,39.0,52.0,57.0,45.0,55.0,73.0,42.3,0.0,42.682,29.0,11.98,125.962,6.0
2026-01-17,1,6,,,,,,,,,,,,,,,43.2,0.0,43.316,35.0,11.36,132.876,5.0
2026-01-17,1,7,,,,,,,,,,,,,,,42.2,0.0,42.525,35.0,11.21,130.935,3.0
2026-01-17,1,8,,,,,,,,,,,,,,,40.2,0.0,32.732,33.0,11.97,117.902,6.0
2026-01-17,2,9,,,,,,,,,,,,,,,29.3,0.0,42.752,31.0,5.47,108.522,
2026-01-17,2,10,,,,,,,,,,,,,,,39.4,0.0,34.485,31.0,0.0,104.88499999999999,3.0
2026-01-17,2,11,68.0,60.0,76.0,67.0,,43.0,36.0,51.0,5.0,58.0,58.0,,53.0,73.0,40.9,0.0,44.975,32.0,0.0,117.875,5.0
2026-01-17,2,12,,,,,,,,,,,,,,,15.0,0.0,44.747,32.0,6.2,97.947,7.0
2026-01-17,2,13,,,,,,,,,,,,,,,39.7,0.0,39.929,31.0,11.44,122.069,3.0
2026-01-17,2,14,,,,,,,,,,,,,,,41.3,0.0,42.546,31.0,12.24,127.086,3.0
2026-01-17,2,15,,,,,,,,53.0,51.0,,,,,,41.3,0.0,20.902,30.0,11.73,103.932,5.0
2026-01-17,2,16,,,,,,,,,,,,,,,39.2,0.0,41.909,31.0,12.16,124.269,8.0
2026-01-17,2,17,74.0,60.0,75.0,65.0,63.0,38.0,35.0,56.0,52.0,56.0,57.0,47.0,54.0,76.0,39.5,0.0,43.572,32.0,11.47,126.542,3.0
2026-01-17,2,18,,,,,,,,,,,,,,,40.7,0.0,40.112,31.0,12.3,124.11200000000001,6.0
2026-01-17,2,19,,,,,,,,,,,,,,,40.0,0.0,45.452,32.0,11.37,128.822,9.0
2026-01-17,2,20,,,,,,,,,,,,,,,35.4,0.0,37.88,32.0,11.92,117.2,7.0
2026-01-18,1,21,,,,,,,,,,,,,,,39.4,0.0,39.412,35.0,11.18,124.99199999999999,2.0
2026-01-18,1,22,,,,,,,,,,,,,,,41.0,0.0,39.432,35.0,11.07,126.50200000000001,4.0
2026-01-18,1,23,69.0,62.0,74.0,64.0,66.0,43.0,38.0,46.0,29.0,51.0,52.0,44.0,50.0,68.0,41.5,0.0,37.572,34.0,11.39,124.462,4.0
2026-01-18,1,24,,,,,,,,,,,,,,,37.9,0.0,42.185,35.0,10.96,126.04500000000002,4.0
2026-01-18,1,1,,,,,,,,,,,,,,,33.0,0.0,33.744,34.0,10.04,110.78399999999999,6.0
2026-01-18,1,2,,,,,,,,,,,,,,,40.4,0.0,40.511,34.0,9.37,124.281,5.0
2026-01-18,1,3,,,,,,,,,,,,,,,35.0,0.0,38.041,33.0,10.06,116.101,4.0
2026-01-18,1,4,,,,,,,,,,,,,,,30.9,0.0,25.946,28.0,9.08,93.926,4.0
2026-01-18,1,5,71.0,60.0,75.0,66.0,69.0,44.0,37.0,42.0,40.0,50.0,54.0,48.0,51.0,72.0,41.5,0.0,39.754,32.0,5.93,119.184,7.0
2026-01-18,1,6,,,,,,,,,,,,,,,42.2,0.0,38.638,32.0,6.93,119.768,6.0
2026-01-18,1,7,,,,,,,,,,,,,,,42.0,0.0,40.206,34.0,7.22,123.426,5.0
2026-01-18,1,8,,,,,,,,,,,,,,,38.1,0.0,39.246,34.0,8.73,120.07600000000001,7.0
2026-01-18,2,9,,,,,,,,,,,,,,,27.2,0.0,23.056,28.0,8.2,86.456,1.0
2026-01-18,2,10,,,,,,,,,,,,,,,32.3,0.0,27.109,29.0,9.45,97.859,7.0
2026-01-18,2,11,64.0,62.0,75.0,68.0,52.0,41.0,34.0,59.0,42.0,56.0,57.0,37.0,40.0,69.0,38.5,0.0,29.647,26.0,3.22,97.36699999999999,7.0
2026-01-18,2,12,,,,,,,,,,,,,,,37.9,0.0,30.363,29.0,8.92,106.183,7.0
2026-01-18,2,13,,,,,,,,,,,,,,,43.5,0.0,31.664,29.0,13.35,117.514,2.0
2026-01-18,2,14,,,,,,,,,,,,,,,42.8,0.0,30.617,31.0,12.49,116.907,
2026-01-18,2,15,,,,,,,,,,,,,,,41.7,0.0,32.539,31.0,10.53,115.769,3.0
2026-01-18,2,16,,,,,,,,,,,,,,,41.9,0.0,36.901,31.0,6.89,116.691,4.0
2026-01-18,2,17,75.0,57.0,76.0,64.0,73.0,42.0,33.0,68.0,70.0,56.0,60.0,42.0,56.0,81.0,23.9,0.0,25.471,29.0,8.31,86.681,3.0
2026-01-18,2,18,,,,,,,,,,,,,,,39.5,0.0,36.435,30.0,10.13,116.065,6.0
2026-01-18,2,19,,,,,,,,,,,,,,,40.5,0.0,37.628,31.0,9.29,118.418,7.0
2026-01-18,2,20,,,,,,,,,,,,,,,40.7,0.0,42.077,31.0,10.75,124.527,8.0
2026-01-19,1,21,,,,,,,,,,,,,,,30.3,0.0,26.354,30.0,10.04,96.69399999999999,2.0
2026-01-19,1,22,,,,,,,,,,,,,,,39.2,0.0,33.01,30.0,10.87,113.08000000000001,4.0
2026-01-19,1,23,70.0,62.0,73.0,64.0,66.0,47.0,38.0,41.0,32.0,51.0,54.0,44.0,52.0,74.0,41.2,0.0,38.999,32.0,11.48,123.67900000000002,5.0
2026-01-19,1,24,,,,,,,,,,,,,,,40.6,0.0,39.878,32.0,10.64,123.11800000000001,4.0
2026-01-19,1,1,,,,,,,,,,,,,,,29.0,0.0,28.247,31.0,10.07,98.31700000000001,1.0
2026-01-19,1,2,,,,,,,,,,,,,,,41.2,0.0,37.744,32.0,10.42,121.364,4.0
2026-01-19,1,3,,,,,,,,,,,,,,,40.5,0.0,34.895,31.0,10.68,117.07500000000002,4.0
2026-01-19,1,4,,,,,,,,,,,,,,,40.0,0.0,42.231,31.0,11.18,124.411,2.0
2026-01-19,1,5,72.0,63.0,75.0,67.0,68.0,46.0,35.0,36.0,29.0,53.0,56.0,47.0,53.0,72.0,39.8,0.0,40.997,32.0,11.0,123.797,4.0
2026-01-19,1,6,,,,,,,,,,,,,,,41.1,0.0,45.354,31.0,11.11,128.56400000000002,4.0
2026-01-19,1,7,,,,,,,,,,,,,,,41.5,0.0,45.772,32.0,10.19,129.462,4.0
2026-01-19,1,8,,,,,,,,,,,,,,,40.1,0.0,38.173,31.0,9.72,118.993,4.0
2026-01-19,2,9,,,,,,,,,,,,,,,34.8,0.0,35.007,31.0,9.69,110.49699999999999,
2026-01-19,2,10,,,,,,,,,,,,,,,39.0,0.0,38.82,30.0,8.65,116.47,6.0
2026-01-19,2,11,70.0,,76.0,61.0,63.0,42.0,,56.0,40.0,51.0,52.0,52.0,54.0,,36.6,0.0,37.044,31.0,8.75,113.394,3.0
2026-01-19,2,12,,,,,,,,,,,,,,,35.1,0.0,31.371,30.0,8.8,105.271,6.0
2026-01-19,2,13,,,,,,,,,,,,,,,38.9,0.0,41.608,32.0,11.49,123.99799999999999,5.0
2026-01-19,2,14,,,,,,,,,,,,,,,41.8,0.0,41.284,33.0,11.36,127.444,4.0
2026-01-19,2,15,,,,,,,,,,,,,,,39.1,0.0,38.726,31.0,11.65,120.476,2.0
2026-01-19,2,16,,,,,,,,,,,,,,,42.0,0.0,39.085,31.0,11.96,124.04500000000002,8.0
2026-01-19,2,17,69.0,65.0,73.0,66.0,70.0,41.0,37.0,41.0,33.0,56.0,60.0,46.0,56.0,77.0,38.3,0.0,38.425,31.0,11.13,118.85499999999999,2.0
2026-01-19,2,18,,,,,,,,,,,,,,,41.9,0.0,38.78,37.0,11.36,129.04000000000002,6.0
2026-01-19,2,19,,,,,,,,,,,,,,,42.5,0.0,42.628,37.0,12.12,134.248,6.0
2026-01-19,2,20,,,,,,,,,,,,,,,40.1,0.0,43.163,37.0,10.77,131.03300000000002,7.0
2026-01-20,1,21,,,,,,,,,,,,,,,38.5,0.0,38.581,37.0,11.49,125.571,1.0
2026-01-20,1,22,,,,,,,,,,,,,,,39.5,0.0,40.439,37.0,12.16,129.099,4.0
2026-01-20,1,23,68.0,64.0,75.0,65.0,67.0,42.0,38.0,40.0,36.0,52.0,57.0,49.0,56.0,72.0,40.5,0.0,40.629,38.0,12.6,131.72899999999998,4.0
2026-01-20,1,24,,,,,,,,,,,,,,,40.4,0.0,41.246,37.0,11.61,130.256,5.0
2026-01-20,1,1,,,,,,,,,,,,,,,40.1,0.0,39.236,38.0,11.02,128.356,2.0
2026-01-20,1,2,,,,,,,,,,,,,,,40.1,0.0,40.051,38.0,11.94,130.091,3.0
2026-01-20,1,3,,,,,,,,,,,,,,,42.8,0.0,34.309,37.0,12.22,126.329,4.0
2026-01-20,1,4,,,,,,,,,,,,,,,42.1,0.0,40.86,37.0,12.29,132.25,4.0
2026-01-20,1,5,73.0,65.0,75.0,72.0,64.0,52.0,42.0,36.0,38.0,67.0,62.0,57.0,48.0,67.0,40.2,0.0,41.371,37.0,11.8,130.371,6.0
2026-01-20,1,6,,,,,,,,,,,,,,,41.2,0.0,44.004,37.0,11.71,133.91400000000002,5.0
2026-01-20,1,7,,,,,,,,,,,,,,,41.6,0.0,47.395,38.0,12.49,139.485,4.0
2026-01-20,1,8,,,,,,,,,,,,,,,41.2,0.0,45.606,35.0,11.51,133.316,7.0
2026-01-20,2,9,,,,,,,,,,,,,,,32.7,0.0,30.868,35.0,10.79,109.358,
2026-01-20,2,10,,,,,,,,,,,,,,,31.0,0.0,44.678,36.0,11.12,122.798,5.0
2026-01-20,2,11,72.0,62.0,72.0,71.0,62.0,44.0,36.0,46.0,41.0,,57.0,53.0,50.0,79.0,32.6,0.0,49.321,37.0,11.7,130.62099999999998,3.0
2026-01-20,2,12,,,,,,,,,,,,,,,32.7,0.0,45.461,37.0,11.68,126.84100000000001,4.0
2026-01-20,2,13,,,,,,,,,,,,,,,33.0,0.0,42.874,35.0,10.5,121.374,5.0
2026-01-20,2,14,,,,,,,,,,,,,,,31.8,0.0,45.351,36.0,12.44,125.591,4.0
2026-01-20,2,15,,,,,,,,,,,,,,,17.0,0.0,47.416,35.0,12.65,112.066,5.0
2026-01-20,2,16,,,,,,,,,,,,,,,0.0,0.0,48.908,36.0,12.19,97.098,3.0
2026-01-20,2,17,69.0,66.0,75.0,68.0,68.0,39.0,29.0,43.0,35.0,45.0,55.0,49.0,55.0,79.0,20.3,0.0,48.517,36.0,12.29,117.107,2.0
2026-01-20,2,18,,,,,,,,,,,,,,,38.6,0.0,46.042,36.0,12.29,132.932,3.0
2026-01-20,2,19,,,,,,,,,,,,,,,41.1,0.0,37.006,36.0,11.74,125.84599999999999,6.0
2026-01-20,2,20,,,,,,,,,,,,,,,39.4,0.0,36.2,36.0,11.36,122.96,6.0
2026-01-21,1,21,,,,,,,,,,,,,,,41.1,0.0,40.584,38.0,11.99,131.674,3.0
2026-01-21,1,22,,,,,,,,,,,,,,,41.9,0.0,37.58,38.0,12.48,129.95999999999998,4.0
2026-01-21,1,23,69.0,57.0,75.0,68.0,64.0,45.0,38.0,52.0,44.0,56.0,59.0,56.0,52.0,77.0,40.9,0.0,37.398,36.0,12.06,126.358,6.0
2026-01-21,1,24,,,,,,,,,,,,,,,42.9,0.0,38.972,37.0,12.27,131.142,4.0
2026-01-21,1,1,,,,,,,,,,,,,,,36.2,0.0,24.393,37.0,10.96,108.553,4.0
2026-01-21,1,2,,,,,,,,,,,,,,,40.4,0.0,39.251,37.0,12.25,128.901,6.0
2026-01-21,1,3,,,,,,,,,,,,,,,42.3,0.0,30.051,38.0,11.82,122.17099999999999,5.0
2026-01-21,1,4,,,,,,,,,,,,,,,40.7,0.0,41.943,38.0,10.83,131.473,6.0
2026-01-21,1,5,71.0,60.0,74.0,66.0,66.0,43.0,35.0,42.0,34.0,53.0,56.0,51.0,53.0,75.0,39.7,0.0,40.611,37.0,11.81,129.121,4.0
2026-01-21,1,6,,,,,,,,,,,,,,,42.4,0.0,38.98,37.0,12.52,130.9,3.0
2026-01-21,1,7,,,,,,,,,,,,,,,41.9,0.0,39.83,37.0,7.95,126.67999999999999,4.0
2026-01-21,1,8,,,,,,,,,,,,,,,40.7,0.0,36.827,35.0,14.98,127.507,6.0
2026-01-21,2,9,,,,,,,,,,,,,,,,0.0,,,,0.0,
2026-01-21,2,10,,,,,,,,,,,,,,,,0.0,,,,0.0,
2026-01-21,2,11,,,,,,,,,,,,,,,,0.0,,,,0.0,
2026-01-21,2,12,,,,,,,,,,,,,,,,0.0,,,,0.0,
2026-01-21,2,13,,,,,,,,,,,,,,,,0.0,,,,0.0,
2026-01-21,2,14,,,,,,,,,,,,,,,,0.0,,,,0.0,
2026-01-21,2,15,,,,,,,,,,,,,,,,0.0,,,,0.0,
2026-01-21,2,16,,,,,,,,,,,,,,,,0.0,,,,0.0,
2026-01-21,2,17,,,,,,,,,,,,,,,,0.0,,,,0.0,
2026-01-21,2,18,,,,,,,,,,,,,,,,0.0,,,,0.0,
2026-01-21,2,19,,,,,,,,,,,,,,,,0.0,,,,0.0,
2026-01-21,2,20,,,,,,,,,,,,,,,,0.0,,,,0.0,
2026-01-22,1,21,,,,,,,,,,,,,,,,0.0,,,,0.0,
2026-01-22,1,22,,,,,,,,,,,,,,,,0.0,,,,0.0,
2026-01-22,1,23,,,,,,,,,,,,,,,,0.0,,,,0.0,
2026-01-22,1,24,,,,,,,,,,,,,,,,0.0,,,,0.0,
2026-01-22,1,1,,,,,,,,,,,,,,,,0.0,,,,0.0,
2026-01-22,1,2,,,,,,,,,,,,,,,,0.0,,,,0.0,
2026-01-22,1,3,,,,,,,,,,,,,,,,0.0,,,,0.0,
2026-01-22,1,4,,,,,,,,,,,,,,,,0.0,,,,0.0,
2026-01-22,1,5,,,,,,,,,,,,,,,,0.0,,,,0.0,
2026-01-22,1,6,,,,,,,,,,,,,,,,0.0,,,,0.0,
2026-01-22,1,7,,,,,,,,,,,,,,,,0.0,,,,0.0,
2026-01-22,1,8,,,,,,,,,,,,,,,,0.0,,,,0.0,
2026-01-22,2,9,,,,,,,,,,,,,,,,0.0,,,,0.0,
2026-01-22,2,10,,,,,,,,,,,,,,,,0.0,,,,0.0,
2026-01-22,2,11,,,,,,,,,,,,,,,,0.0,,,,0.0,
2026-01-22,2,12,,,,,,,,,,,,,,,,0.0,,,,0.0,
2026-01-22,2,13,,,,,,,,,,,,,,,,0.0,,,,0.0,
2026-01-22,2,14,,,,,,,,,,,,,,,,0.0,,,,0.0,
2026-01-22,2,15,,,,,,,,,,,,,,,,0.0,,,,0.0,
2026-01-22,2,16,,,,,,,,,,,,,,,,0.0,,,,0.0,
2026-01-22,2,17,,,,,,,,,,,,,,,,0.0,,,,0.0,
2026-01-22,2,18,,,,,,,,,,,,,,,,0.0,,,,0.0,
2026-01-22,2,19,,,,,,,,,,,,,,,,0.0,,,,0.0,
2026-01-22,2,20,,,,,,,,,,,,,,,,0.0,,,,0.0,
2026-01-23,1,21,,,,,,,,,,,,,,,,0.0,,,,0.0,
2026-01-23,1,22,,,,,,,,,,,,,,,,0.0,,,,0.0,
2026-01-23,1,23,,,,,,,,,,,,,,,,0.0,,,,0.0,
2026-01-23,1,24,,,,,,,,,,,,,,,,0.0,,,,0.0,
2026-01-23,1,1,,,,,,,,,,,,,,,,0.0,,,,0.0,
2026-01-23,1,2,,,,,,,,,,,,,,,,0.0,,,,0.0,
2026-01-23,1,3,,,,,,,,,,,,,,,,0.0,,,,0.0,
2026-01-23,1,4,,,,,,,,,,,,,,,,0.0,,,,0.0,
2026-01-23,1,5,,,,,,,,,,,,,,,,0.0,,,,0.0,
2026-01-23,1,6,,,,,,,,,,,,,,,,0.0,,,,0.0,
2026-01-23,1,7,,,,,,,,,,,,,,,,0.0,,,,0.0,
2026-01-23,1,8,,,,,,,,,,,,,,,,0.0,,,,0.0,
2026-01-23,2,9,,,,,,,,,,,,,,,,0.0,,,,0.0,
2026-01-23,2,10,,,,,,,,,,,,,,,,0.0,,,,0.0,
2026-01-23,2,11,,,,,,,,,,,,,,,,0.0,,,,0.0,
2026-01-23,2,12,,,,,,,,,,,,,,,,0.0,,,,0.0,
2026-01-23,2,13,,,,,,,,,,,,,,,,0.0,,,,0.0,
2026-01-23,2,14,,,,,,,,,,,,,,,,0.0,,,,0.0,
2026-01-23,2,15,,,,,,,,,,,,,,,,0.0,,,,0.0,
2026-01-23,2,16,,,,,,,,,,,,,,,,0.0,,,,0.0,
2026-01-23,2,17,,,,,,,,,,,,,,,,0.0,,,,0.0,
2026-01-23,2,18,,,,,,,,,,,,,,,,0.0,,,,0.0,
2026-01-23,2,19,,,,,,,,,,,,,,,,0.0,,,,0.0,
2026-01-23,2,20,,,,,,,,,,,,,,,,0.0,,,,0.0,
2026-01-24,1,21,,,,,,,,,,,,,,,,0.0,,,,0.0,
2026-01-24,1,22,,,,,,,,,,,,,,,,0.0,,,,0.0,
2026-01-24,1,23,,,,,,,,,,,,,,,,0.0,,,,0.0,
2026-01-24,1,24,,,,,,,,,,,,,,,,0.0,,,,0.0,
2026-01-24,1,1,,,,,,,,,,,,,,,,0.0,,,,0.0,
2026-01-24,1,2,,,,,,,,,,,,,,,,0.0,,,,0.0,
2026-01-24,1,3,,,,,,,,,,,,,,,,0.0,,,,0.0,
2026-01-24,1,4,,,,,,,,,,,,,,,,0.0,,,,0.0,
2026-01-24,1,5,,,,,,,,,,,,,,,,0.0,,,,0.0,
2026-01-24,1,6,,,,,,,,,,,,,,,,0.0,,,,0.0,
2026-01-24,1,7,,,,,,,,,,,,,,,,0.0,,,,0.0,
2026-01-24,1,8,,,,,,,,,,,,,,,,0.0,,,,0.0,
2026-01-24,2,9,,,,,,,,,,,,,,,,0.0,,,,0.0,
2026-01-24,2,10,,,,,,,,,,,,,,,,0.0,,,,0.0,
2026-01-24,2,11,,,,,,,,,,,,,,,,0.0,,,,0.0,
2026-01-24,2,12,,,,,,,,,,,,,,,,0.0,,,,0.0,
2026-01-24,2,13,,,,,,,,,,,,,,,,0.0,,,,0.0,
2026-01-24,2,14,,,,,,,,,,,,,,,,0.0,,,,0.0,
2026-01-24,2,15,,,,,,,,,,,,,,,,0.0,,,,0.0,
2026-01-24,2,16,,,,,,,,,,,,,,,,0.0,,,,0.0,
2026-01-24,2,17,,,,,,,,,,,,,,,,0.0,,,,0.0,
2026-01-24,2,18,,,,,,,,,,,,,,,,0.0,,,,0.0,
2026-01-24,2,19,,,,,,,,,,,,,,,,0.0,,,,0.0,
2026-01-24,2,20,,,,,,,,,,,,,,,,0.0,,,,0.0,
2026-01-25,1,21,,,,,,,,,,,,,,,,0.0,,,,0.0,
2026-01-25,1,22,,,,,,,,,,,,,,,,0.0,,,,0.0,
2026-01-25,1,23,,,,,,,,,,,,,,,,0.0,,,,0.0,
2026-01-25,1,24,,,,,,,,,,,,,,,,0.0,,,,0.0,
2026-01-25,1,1,,,,,,,,,,,,,,,,0.0,,,,0.0,
2026-01-25,1,2,,,,,,,,,,,,,,,,0.0,,,,0.0,
2026-01-25,1,3,,,,,,,,,,,,,,,,0.0,,,,0.0,
2026-01-25,1,4,,,,,,,,,,,,,,,,0.0,,,,0.0,
2026-01-25,1,5,,,,,,,,,,,,,,,,0.0,,,,0.0,
2026-01-25,1,6,,,,,,,,,,,,,,,,0.0,,,,0.0,
2026-01-25,1,7,,,,,,,,,,,,,,,,0.0,,,,0.0,
2026-01-25,1,8,,,,,,,,,,,,,,,,0.0,,,,0.0,
2026-01-25,2,9,,,,,,,,,,,,,,,,0.0,,,,0.0,
2026-01-25,2,10,,,,,,,,,,,,,,,,0.0,,,,0.0,
2026-01-25,2,11,,,,,,,,,,,,,,,,0.0,,,,0.0,
2026-01-25,2,12,,,,,,,,,,,,,,,,0.0,,,,0.0,
2026-01-25,2,13,,,,,,,,,,,,,,,,0.0,,,,0.0,
2026-01-25,2,14,,,,,,,,,,,,,,,,0.0,,,,0.0,
2026-01-25,2,15,,,,,,,,,,,,,,,,0.0,,,,0.0,
2026-01-25,2,16,,,,,,,,,,,,,,,,0.0,,,,0.0,
2026-01-25,2,17,,,,,,,,,,,,,,,,0.0,,,,0.0,
2026-01-25,2,18,,,,,,,,,,,,,,,,0.0,,,,0.0,
2026-01-25,2,19,,,,,,,,,,,,,,,,0.0,,,,0.0,
2026-01-25,2,20,,,,,,,,,,,,,,,,0.0,,,,0.0,
2026-01-26,1,21,,,,,,,,,,,,,,,,0.0,,,,0.0,
2026-01-26,1,22,,,,,,,,,,,,,,,,0.0,,,,0.0,
2026-01-26,1,23,,,,,,,,,,,,,,,,0.0,,,,0.0,
2026-01-26,1,24,,,,,,,,,,,,,,,,0.0,,,,0.0,
2026-01-26,1,1,,,,,,,,,,,,,,,,0.0,,,,0.0,
2026-01-26,1,2,,,,,,,,,,,,,,,,0.0,,,,0.0,
2026-01-26,1,3,,,,,,,,,,,,,,,,0.0,,,,0.0,
2026-01-26,1,4,,,,,,,,,,,,,,,,0.0,,,,0.0,
2026-01-26,1,5,,,,,,,,,,,,,,,,0.0,,,,0.0,
2026-01-26,1,6,,,,,,,,,,,,,,,,0.0,,,,0.0,
2026-01-26,1,7,,,,,,,,,,,,,,,,0.0,,,,0.0,
2026-01-26,1,8,,,,,,,,,,,,,,,,0.0,,,,0.0,
2026-01-26,2,9,,,,,,,,,,,,,,,,0.0,,,,0.0,
2026-01-26,2,10,,,,,,,,,,,,,,,,0.0,,,,0.0,
2026-01-26,2,11,,,,,,,,,,,,,,,,0.0,,,,0.0,
2026-01-26,2,12,,,,,,,,,,,,,,,,0.0,,,,0.0,
2026-01-26,2,13,,,,,,,,,,,,,,,,0.0,,,,0.0,
2026-01-26,2,14,,,,,,,,,,,,,,,,0.0,,,,0.0,
2026-01-26,2,15,,,,,,,,,,,,,,,,0.0,,,,0.0,
2026-01-26,2,16,,,,,,,,,,,,,,,,0.0,,,,0.0,
2026-01-26,2,17,,,,,,,,,,,,,,,,0.0,,,,0.0,
2026-01-26,2,18,,,,,,,,,,,,,,,,0.0,,,,0.0,
2026-01-26,2,19,,,,,,,,,,,,,,,,0.0,,,,0.0,
2026-01-26,2,20,,,,,,,,,,,,,,,,0.0,,,,0.0,
2026-01-27,1,21,,,,,,,,,,,,,,,,0.0,,,,0.0,
2026-01-27,1,22,,,,,,,,,,,,,,,,0.0,,,,0.0,
2026-01-27,1,23,,,,,,,,,,,,,,,,0.0,,,,0.0,
2026-01-27,1,24,,,,,,,,,,,,,,,,0.0,,,,0.0,
2026-01-27,1,1,,,,,,,,,,,,,,,,0.0,,,,0.0,
2026-01-27,1,2,,,,,,,,,,,,,,,,0.0,,,,0.0,
2026-01-27,1,3,,,,,,,,,,,,,,,,0.0,,,,0.0,
2026-01-27,1,4,,,,,,,,,,,,,,,,0.0,,,,0.0,
2026-01-27,1,5,,,,,,,,,,,,,,,,0.0,,,,0.0,
2026-01-27,1,6,,,,,,,,,,,,,,,,0.0,,,,0.0,
2026-01-27,1,7,,,,,,,,,,,,,,,,0.0,,,,0.0,
2026-01-27,1,8,,,,,,,,,,,,,,,,0.0,,,,0.0,
2026-01-27,2,9,,,,,,,,,,,,,,,,0.0,,,,0.0,
2026-01-27,2,10,,,,,,,,,,,,,,,,0.0,,,,0.0,
2026-01-27,2,11,,,,,,,,,,,,,,,,0.0,,,,0.0,
2026-01-27,2,12,,,,,,,,,,,,,,,,0.0,,,,0.0,
2026-01-27,2,13,,,,,,,,,,,,,,,,0.0,,,,0.0,
2026-01-27,2,14,,,,,,,,,,,,,,,,0.0,,,,0.0,
2026-01-27,2,15,,,,,,,,,,,,,,,,0.0,,,,0.0,
2026-01-27,2,16,,,,,,,,,,,,,,,,0.0,,,,0.0,
2026-01-27,2,17,,,,,,,,,,,,,,,,0.0,,,,0.0,
2026-01-27,2,18,,,,,,,,,,,,,,,,0.0,,,,0.0,
2026-01-27,2,19,,,,,,,,,,,,,,,,0.0,,,,0.0,
2026-01-27,2,20,,,,,,,,,,,,,,,,0.0,,,,0.0,
2026-01-28,1,21,,,,,,,,,,,,,,,,0.0,,,,0.0,
2026-01-28,1,22,,,,,,,,,,,,,,,,0.0,,,,0.0,
2026-01-28,1,23,,,,,,,,,,,,,,,,0.0,,,,0.0,
2026-01-28,1,24,,,,,,,,,,,,,,,,0.0,,,,0.0,
2026-01-28,1,1,,,,,,,,,,,,,,,,0.0,,,,0.0,
2026-01-28,1,2,,,,,,,,,,,,,,,,0.0,,,,0.0,
2026-01-28,1,3,,,,,,,,,,,,,,,,0.0,,,,0.0,
2026-01-28,1,4,,,,,,,,,,,,,,,,0.0,,,,0.0,
2026-01-28,1,5,,,,,,,,,,,,,,,,0.0,,,,0.0,
2026-01-28,1,6,,,,,,,,,,,,,,,,0.0,,,,0.0,
2026-01-28,1,7,,,,,,,,,,,,,,,,0.0,,,,0.0,
2026-01-28,1,8,,,,,,,,,,,,,,,,0.0,,,,0.0,
2026-01-28,2,9,,,,,,,,,,,,,,,,0.0,,,,0.0,
2026-01-28,2,10,,,,,,,,,,,,,,,,0.0,,,,0.0,
2026-01-28,2,11,,,,,,,,,,,,,,,,0.0,,,,0.0,
2026-01-28,2,12,,,,,,,,,,,,,,,,0.0,,,,0.0,
2026-01-28,2,13,,,,,,,,,,,,,,,,0.0,,,,0.0,
2026-01-28,2,14,,,,,,,,,,,,,,,,0.0,,,,0.0,
2026-01-28,2,15,,,,,,,,,,,,,,,,0.0,,,,0.0,
2026-01-28,2,16,,,,,,,,,,,,,,,,0.0,,,,0.0,
2026-01-28,2,17,,,,,,,,,,,,,,,,0.0,,,,0.0,
2026-01-28,2,18,,,,,,,,,,,,,,,,0.0,,,,0.0,
2026-01-28,2,19,,,,,,,,,,,,,,,,0.0,,,,0.0,
2026-01-28,2,20,,,,,,,,,,,,,,,,0.0,,,,0.0,
2026-01-29,1,21,,,,,,,,,,,,,,,,0.0,,,,0.0,
2026-01-29,1,22,,,,,,,,,,,,,,,,0.0,,,,0.0,
2026-01-29,1,23,,,,,,,,,,,,,,,,0.0,,,,0.0,
2026-01-29,1,24,,,,,,,,,,,,,,,,0.0,,,,0.0,
2026-01-29,1,1,,,,,,,,,,,,,,,,0.0,,,,0.0,
2026-01-29,1,2,,,,,,,,,,,,,,,,0.0,,,,0.0,
2026-01-29,1,3,,,,,,,,,,,,,,,,0.0,,,,0.0,
2026-01-29,1,4,,,,,,,,,,,,,,,,0.0,,,,0.0,
2026-01-29,1,5,,,,,,,,,,,,,,,,0.0,,,,0.0,
2026-01-29,1,6,,,,,,,,,,,,,,,,0.0,,,,0.0,
2026-01-29,1,7,,,,,,,,,,,,,,,,0.0,,,,0.0,
2026-01-29,1,8,,,,,,,,,,,,,,,,0.0,,,,0.0,
2026-01-29,2,9,,,,,,,,,,,,,,,,0.0,,,,0.0,
2026-01-29,2,10,,,,,,,,,,,,,,,,0.0,,,,0.0,
2026-01-29,2,11,,,,,,,,,,,,,,,,0.0,,,,0.0,
2026-01-29,2,12,,,,,,,,,,,,,,,,0.0,,,,0.0,
2026-01-29,2,13,,,,,,,,,,,,,,,,0.0,,,,0.0,
2026-01-29,2,14,,,,,,,,,,,,,,,,0.0,,,,0.0,
2026-01-29,2,15,,,,,,,,,,,,,,,,0.0,,,,0.0,
2026-01-29,2,16,,,,,,,,,,,,,,,,0.0,,,,0.0,
2026-01-29,2,17,,,,,,,,,,,,,,,,0.0,,,,0.0,
2026-01-29,2,18,,,,,,,,,,,,,,,,0.0,,,,0.0,
2026-01-29,2,19,,,,,,,,,,,,,,,,0.0,,,,0.0,
2026-01-29,2,20,,,,,,,,,,,,,,,,0.0,,,,0.0,
2026-01-30,1,21,,,,,,,,,,,,,,,,0.0,,,,0.0,
2026-01-30,1,22,,,,,,,,,,,,,,,,0.0,,,,0.0,
2026-01-30,1,23,,,,,,,,,,,,,,,,0.0,,,,0.0,
2026-01-30,1,24,,,,,,,,,,,,,,,,0.0,,,,0.0,
2026-01-30,1,1,,,,,,,,,,,,,,,,0.0,,,,0.0,
2026-01-30,1,2,,,,,,,,,,,,,,,,0.0,,,,0.0,
2026-01-30,1,3,,,,,,,,,,,,,,,,0.0,,,,0.0,
2026-01-30,1,4,,,,,,,,,,,,,,,,0.0,,,,0.0,
2026-01-30,1,5,,,,,,,,,,,,,,,,0.0,,,,0.0,
2026-01-30,1,6,,,,,,,,,,,,,,,,0.0,,,,0.0,
2026-01-30,1,7,,,,,,,,,,,,,,,,0.0,,,,0.0,
2026-01-30,1,8,,,,,,,,,,,,,,,,0.0,,,,0.0,
2026-01-30,2,9,,,,,,,,,,,,,,,,0.0,,,,0.0,
2026-01-30,2,10,,,,,,,,,,,,,,,,0.0,,,,0.0,
2026-01-30,2,11,,,,,,,,,,,,,,,,0.0,,,,0.0,
2026-01-30,2,12,,,,,,,,,,,,,,,,0.0,,,,0.0,
2026-01-30,2,13,,,,,,,,,,,,,,,,0.0,,,,0.0,
2026-01-30,2,14,,,,,,,,,,,,,,,,0.0,,,,0.0,
2026-01-30,2,15,,,,,,,,,,,,,,,,0.0,,,,0.0,
2026-01-30,2,16,,,,,,,,,,,,,,,,0.0,,,,0.0,
2026-01-30,2,17,,,,,,,,,,,,,,,,0.0,,,,0.0,
2026-01-30,2,18,,,,,,,,,,,,,,,,0.0,,,,0.0,
2026-01-30,2,19,,,,,,,,,,,,,,,,0.0,,,,0.0,
2026-01-30,2,20,,,,,,,,,,,,,,,,0.0,,,,0.0,
2026-01-31,1,21,,,,,,,,,,,,,,,,0.0,,,,0.0,
2026-01-31,1,22,,,,,,,,,,,,,,,,0.0,,,,0.0,
2026-01-31,1,23,,,,,,,,,,,,,,,,0.0,,,,0.0,
2026-01-31,1,24,,,,,,,,,,,,,,,,0.0,,,,0.0,
2026-01-31,1,1,,,,,,,,,,,,,,,,0.0,,,,0.0,
2026-01-31,1,2,,,,,,,,,,,,,,,,0.0,,,,0.0,
2026-01-31,1,3,,,,,,,,,,,,,,,,0.0,,,,0.0,
2026-01-31,1,4,,,,,,,,,,,,,,,,0.0,,,,0.0,
2026-01-31,1,5,,,,,,,,,,,,,,,,0.0,,,,0.0,
2026-01-31,1,6,,,,,,,,,,,,,,,,0.0,,,,0.0,
2026-01-31,1,7,,,,,,,,,,,,,,,,0.0,,,,0.0,
2026-01-31,1,8,,,,,,,,,,,,,,,,0.0,,,,0.0,
2026-01-31,2,9,,,,,,,,,,,,,,,,0.0,,,,0.0,
2026-01-31,2,10,,,,,,,,,,,,,,,,0.0,,,,0.0,
2026-01-31,2,11,,,,,,,,,,,,,,,,0.0,,,,0.0,
2026-01-31,2,12,,,,,,,,,,,,,,,,0.0,,,,0.0,
2026-01-31,2,13,,,,,,,,,,,,,,,,0.0,,,,0.0,
2026-01-31,2,14,,,,,,,,,,,,,,,,0.0,,,,0.0,
2026-01-31,2,15,,,,,,,,,,,,,,,,0.0,,,,0.0,
2026-01-31,2,16,,,,,,,,,,,,,,,,0.0,,,,0.0,
2026-01-31,2,17,,,,,,,,,,,,,,,,0.0,,,,0.0,
2026-01-31,2,18,,,,,,,,,,,,,,,,0.0,,,,0.0,
2026-01-31,2,19,,,,,,,,,,,,,,,,0.0,,,,0.0,
2026-01-31,2,20,,,,,,,,,,,,,,,,0.0,,,,0.0,
2026-02-01,1,21,,,,,,,,,,,,,,,,0.0,,,,0.0,
2026-02-01,1,22,,,,,,,,,,,,,,,,0.0,,,,0.0,
2026-02-01,1,23,,,,,,,,,,,,,,,,0.0,,,,0.0,
2026-02-01,1,24,,,,,,,,,,,,,,,,0.0,,,,0.0,
2026-02-01,1,1,,,,,,,,,,,,,,,,0.0,,,,0.0,
2026-02-01,1,2,,,,,,,,,,,,,,,,0.0,,,,0.0,
2026-02-01,1,3,,,,,,,,,,,,,,,,0.0,,,,0.0,
2026-02-01,1,4,,,,,,,,,,,,,,,,0.0,,,,0.0,
2026-02-01,1,5,,,,,,,,,,,,,,,,0.0,,,,0.0,
2026-02-01,1,6,,,,,,,,,,,,,,,,0.0,,,,0.0,
2026-02-01,1,7,,,,,,,,,,,,,,,,0.0,,,,0.0,
2026-02-01,1,8,,,,,,,,,,,,,,,,0.0,,,,0.0,
2026-02-01,2,9,,,,,,,,,,,,,,,,0.0,,,,0.0,
2026-02-01,2,10,,,,,,,,,,,,,,,,0.0,,,,0.0,
2026-02-01,2,11,,,,,,,,,,,,,,,,0.0,,,,0.0,
2026-02-01,2,12,,,,,,,,,,,,,,,,0.0,,,,0.0,
2026-02-01,2,13,,,,,,,,,,,,,,,,0.0,,,,0.0,
2026-02-01,2,14,,,,,,,,,,,,,,,,0.0,,,,0.0,
2026-02-01,2,15,,,,,,,,,,,,,,,,0.0,,,,0.0,
2026-02-01,2,16,,,,,,,,,,,,,,,,0.0,,,,0.0,
2026-02-01,2,17,,,,,,,,,,,,,,,,0.0,,,,0.0,
2026-02-01,2,18,,,,,,,,,,,,,,,,0.0,,,,0.0,
2026-02-01,2,19,,,,,,,,,,,,,,,,0.0,,,,0.0,
2026-02-01,2,20,,,,,,,,,,,,,,,,0.0,,,,0.0,
2026-02-02,1,21,,,,,,,,,,,,,,,,0.0,,,,0.0,
2026-02-02,1,22,,,,,,,,,,,,,,,,0.0,,,,0.0,
2026-02-02,1,23,,,,,,,,,,,,,,,,0.0,,,,0.0,
2026-02-02,1,24,,,,,,,,,,,,,,,,0.0,,,,0.0,
2026-02-02,1,1,,,,,,,,,,,,,,,,0.0,,,,0.0,
2026-02-02,1,2,,,,,,,,,,,,,,,,0.0,,,,0.0,
2026-02-02,1,3,,,,,,,,,,,,,,,,0.0,,,,0.0,
2026-02-02,1,4,,,,,,,,,,,,,,,,0.0,,,,0.0,
2026-02-02,1,5,,,,,,,,,,,,,,,,0.0,,,,0.0,
2026-02-02,1,6,,,,,,,,,,,,,,,,0.0,,,,0.0,
2026-02-02,1,7,,,,,,,,,,,,,,,,0.0,,,,0.0,
2026-02-02,1,8,,,,,,,,,,,,,,,,0.0,,,,0.0,
2026-02-02,2,9,,,,,,,,,,,,,,,,0.0,,,,0.0,
2026-02-02,2,10,,,,,,,,,,,,,,,,0.0,,,,0.0,
2026-02-02,2,11,,,,,,,,,,,,,,,,0.0,,,,0.0,
2026-02-02,2,12,,,,,,,,,,,,,,,,0.0,,,,0.0,
2026-02-02,2,13,,,,,,,,,,,,,,,,0.0,,,,0.0,
2026-02-02,2,14,,,,,,,,,,,,,,,,0.0,,,,0.0,
2026-02-02,2,15,,,,,,,,,,,,,,,,0.0,,,,0.0,
2026-02-02,2,16,,,,,,,,,,,,,,,,0.0,,,,0.0,
2026-02-02,2,17,,,,,,,,,,,,,,,,0.0,,,,0.0,
2026-02-02,2,18,,,,,,,,,,,,,,,,0.0,,,,0.0,
2026-02-02,2,19,,,,,,,,,,,,,,,,0.0,,,,0.0,
2026-02-02,2,20,,,,,,,,,,,,,,,,0.0,,,,0.0,
